epoch,out_0,out_1,step,train_loss
0,0.6675412654876709,0.49452918767929077,1,0.2555007338523865
1,0.5091477036476135,0.4521440863609314,3,0.30014610290527344
2,0.46695056557655334,0.439617395401001,5,0.31402865052223206
3,0.4566696286201477,0.44236910343170166,7,0.31095221638679504
4,0.4604130983352661,0.4524838328361511,9,0.2997739613056183
5,0.4703439176082611,0.4654240608215332,11,0.2857714295387268
6,0.482279509305954,0.4785005748271942,13,0.27196162939071655
7,0.4938511550426483,0.4901484251022339,15,0.25994864106178284
8,0.5037497878074646,0.4995407462120056,17,0.2504594624042511
9,0.5113444328308105,0.506354033946991,19,0.24368633329868317
10,0.5164543390274048,0.5106092095375061,21,0.23950333893299103
11,0.5191970467567444,0.512554407119751,23,0.23760320246219635
12,0.5198787450790405,0.5125765204429626,25,0.23758165538311005
13,0.5189120173454285,0.5111310482025146,27,0.2389928549528122
14,0.5167537331581116,0.5086896419525146,29,0.24138586223125458
15,0.5138571262359619,0.505698025226593,31,0.24433444440364838
16,0.5106357932090759,0.502547025680542,33,0.24745945632457733
17,0.5074401497840881,0.4995536804199219,35,0.25044652819633484
18,0.5045421123504639,0.4969518780708313,37,0.25305742025375366
19,0.5021302700042725,0.4948914051055908,39,0.2551347017288208
20,0.5003122687339783,0.49344393610954285,41,0.2565990090370178
21,0.4991229176521301,0.49261394143104553,43,0.2574406564235687
22,0.49853676557540894,0.4923519492149353,45,0.25770655274391174
23,0.49848246574401855,0.4925706684589386,47,0.2574845552444458
24,0.49885857105255127,0.49315953254699707,49,0.2568872570991516
25,0.49954754114151,0.49399852752685547,51,0.25603750348091125
26,0.500429093837738,0.4949706494808197,53,0.25505462288856506
27,0.5013907551765442,0.4959705173969269,55,0.2540457546710968
28,0.5023356080055237,0.4969111680984497,57,0.25309836864471436
29,0.5031871795654297,0.4977274537086487,59,0.2522777020931244
30,0.5038918256759644,0.4983774721622467,61,0.2516251802444458
31,0.504418671131134,0.49884113669395447,63,0.2511601746082306
32,0.5047577023506165,0.4991176426410675,65,0.25088316202163696
33,0.5049163699150085,0.4992218315601349,67,0.25077879428863525
34,0.5049157738685608,0.49918001890182495,69,0.25082066655158997
35,0.5047856569290161,0.4990251362323761,71,0.2509758472442627
36,0.504561185836792,0.4987930953502655,73,0.2512083351612091
37,0.5042780637741089,0.49851906299591064,75,0.25148314237594604
38,0.5039700269699097,0.49823498725891113,77,0.2517681419849396
39,0.5036661624908447,0.4979671239852905,79,0.25203701853752136
40,0.503389835357666,0.4977354109287262,81,0.2522697448730469
41,0.5031574368476868,0.4975530207157135,83,0.2524529993534088
42,0.5029787421226501,0.49742642045021057,85,0.2525802254676819
43,0.5028570294380188,0.49735647439956665,87,0.25265049934387207
44,0.5027908086776733,0.49733904004096985,89,0.2526680827140808
45,0.5027739405632019,0.497366726398468,91,0.2526402175426483
46,0.5027979016304016,0.4974299371242523,93,0.25257664918899536
47,0.502852201461792,0.4975179135799408,95,0.25248822569847107
48,0.5029263496398926,0.49762019515037537,97,0.2523854374885559
49,0.5030098557472229,0.49772700667381287,99,0.2522781193256378
50,0.5030938982963562,0.49783018231391907,101,0.2521745562553406
51,0.5031711459159851,0.49792346358299255,103,0.2520808279514313
52,0.5032362937927246,0.4980025291442871,105,0.25200146436691284
53,0.5032860636711121,0.4980650246143341,107,0.25193876028060913
54,0.5033190846443176,0.4981105327606201,109,0.2518930435180664
55,0.5033355355262756,0.4981398582458496,111,0.25186359882354736
56,0.503337025642395,0.4981550872325897,113,0.2518482804298401
57,0.5033258199691772,0.4981590211391449,115,0.2518443465232849
58,0.5033050775527954,0.4981546700000763,117,0.2518487572669983
59,0.5032779574394226,0.4981454312801361,119,0.2518579661846161
60,0.5032474994659424,0.49813413619995117,121,0.2518693506717682
61,0.503216564655304,0.4981234669685364,123,0.25188004970550537
62,0.5031874179840088,0.4981153607368469,125,0.2518881857395172
63,0.5031617879867554,0.49811139702796936,127,0.25189220905303955
64,0.5031409859657288,0.49811241030693054,129,0.2518911361694336
65,0.5031253695487976,0.49811863899230957,131,0.25188490748405457
66,0.5031150579452515,0.49813008308410645,133,0.2518734037876129
67,0.5031098127365112,0.49814602732658386,135,0.25185737013816833
68,0.5031089782714844,0.49816587567329407,137,0.25183752179145813
69,0.5031115412712097,0.49818867444992065,139,0.251814603805542
70,0.5031166076660156,0.498213529586792,141,0.2517896592617035
71,0.5031232237815857,0.4982394576072693,143,0.25176364183425903
72,0.5031306147575378,0.49826565384864807,145,0.2517373859882355
73,0.5031380653381348,0.4982915222644806,147,0.2517114281654358
74,0.5031448006629944,0.4983164966106415,149,0.25168630480766296
75,0.5031505227088928,0.49834033846855164,151,0.25166237354278564
76,0.5031549334526062,0.49836280941963196,153,0.2516399025917053
77,0.5031580924987793,0.498384028673172,155,0.2516186237335205
78,0.5031598806381226,0.49840399622917175,157,0.2515985071659088
79,0.5031605958938599,0.4984230399131775,159,0.2515794336795807
80,0.5031603574752808,0.49844127893447876,161,0.25156116485595703
81,0.5031595230102539,0.498459130525589,163,0.2515432834625244
82,0.5031582713127136,0.4984767735004425,165,0.2515255808830261
83,0.5031569600105286,0.49849462509155273,167,0.25150763988494873
84,0.5031559467315674,0.4985128343105316,169,0.2514893412590027
85,0.5031551122665405,0.49853143095970154,171,0.251470685005188
86,0.5031548738479614,0.49855080246925354,173,0.251451313495636
87,0.5031551122665405,0.49857082962989807,175,0.25143125653266907
88,0.5031560063362122,0.4985915720462799,177,0.25141045451164246
89,0.5031574368476868,0.4986130893230438,179,0.251388818025589
90,0.5031594634056091,0.49863526225090027,181,0.2513665556907654
91,0.5031619668006897,0.49865803122520447,183,0.2513437271118164
92,0.5031648278236389,0.49868133664131165,185,0.25132042169570923
93,0.5031681060791016,0.4987051486968994,187,0.2512965202331543
94,0.5031715035438538,0.49872931838035583,189,0.2512722611427307
95,0.5031751394271851,0.49875393509864807,191,0.2512476444244385
96,0.5031787753105164,0.49877873063087463,193,0.25122278928756714
97,0.5031824707984924,0.4988037943840027,195,0.2511976361274719
98,0.5031862258911133,0.498829185962677,197,0.25117218494415283
99,0.5031898617744446,0.49885472655296326,199,0.2511465549468994
100,0.5031934976577759,0.4988804757595062,201,0.25112074613571167
101,0.5031970739364624,0.49890655279159546,203,0.25109463930130005
102,0.5032005906105042,0.4989328980445862,205,0.25106823444366455
103,0.5032041072845459,0.49895960092544556,207,0.2510414719581604
104,0.5032075643539429,0.4989866614341736,209,0.2510143518447876
105,0.5032110810279846,0.49901410937309265,211,0.25098684430122375
106,0.5032146573066711,0.49904197454452515,213,0.25095894932746887
107,0.5032182335853577,0.4990704357624054,215,0.25093045830726624
108,0.503221869468689,0.4990992844104767,217,0.25090155005455017
109,0.5032256245613098,0.49912869930267334,219,0.25087204575538635
110,0.5032293796539307,0.49915868043899536,221,0.25084203481674194
111,0.5032332539558411,0.499189168214798,223,0.25081151723861694
112,0.5032370686531067,0.49922025203704834,225,0.2507803440093994
113,0.5032409429550171,0.49925196170806885,227,0.2507486045360565
114,0.503244936466217,0.49928417801856995,229,0.25071635842323303
115,0.5032488703727722,0.4993170499801636,231,0.25068342685699463
116,0.5032528042793274,0.49935051798820496,233,0.2506498694419861
117,0.5032567381858826,0.49938464164733887,235,0.2506157457828522
118,0.5032604336738586,0.49941936135292053,237,0.2505809962749481
119,0.503264307975769,0.4994548261165619,239,0.2505454421043396
120,0.5032679438591003,0.499490886926651,241,0.2505094110965729
121,0.5032715201377869,0.49952763319015503,243,0.2504725754261017
122,0.5032749772071838,0.49956512451171875,245,0.2504350543022156
123,0.5032781958580017,0.4996033012866974,247,0.25039687752723694
124,0.50328129529953,0.4996422529220581,249,0.25035786628723145
125,0.503284215927124,0.4996820092201233,251,0.25031808018684387
126,0.5032869577407837,0.49972254037857056,253,0.2502775490283966
127,0.5032894611358643,0.4997639060020447,255,0.2502361536026001
128,0.5032917857170105,0.4998061954975128,257,0.25019386410713196
129,0.5032936930656433,0.4998493492603302,259,0.2501507103443146
130,0.5032954812049866,0.49989354610443115,261,0.25010645389556885
131,0.5032969117164612,0.4999386668205261,263,0.2500613331794739
132,0.5032979249954224,0.4999847710132599,265,0.2500152587890625
133,0.5032985806465149,0.5000320672988892,267,0.24996793270111084
134,0.5032988786697388,0.5000803470611572,269,0.24991965293884277
135,0.5032986998558044,0.5001298189163208,271,0.2498701959848404
136,0.5032979846000671,0.5001804232597351,273,0.24981960654258728
137,0.5032967329025269,0.5002322793006897,275,0.24976778030395508
138,0.5032949447631836,0.5002854466438293,277,0.24971462786197662
139,0.503292441368103,0.500339925289154,279,0.2496601939201355
140,0.5032892227172852,0.5003958344459534,281,0.24960432946681976
141,0.5032851696014404,0.5004531145095825,283,0.2495470941066742
142,0.5032803416252136,0.5005119442939758,285,0.24948832392692566
143,0.5032745003700256,0.5005723237991333,287,0.24942800402641296
144,0.5032676458358765,0.5006343722343445,289,0.24936603009700775
145,0.5032597184181213,0.5006981492042542,291,0.24930234253406525
146,0.5032504796981812,0.5007636547088623,293,0.24923692643642426
147,0.5032399296760559,0.5008310675621033,295,0.24916961789131165
148,0.503227949142456,0.5009004473686218,297,0.24910035729408264
149,0.5032142996788025,0.5009718537330627,299,0.24902908504009247
150,0.5031989812850952,0.5010454654693604,301,0.2489556223154068
151,0.5031816959381104,0.5011212825775146,303,0.24887996912002563
152,0.503162145614624,0.5011995434761047,305,0.24880190193653107
153,0.5031403303146362,0.5012803077697754,307,0.24872133135795593
154,0.5031159520149231,0.5013636350631714,309,0.24863822758197784
155,0.5030887722969055,0.501449704170227,311,0.24855239689350128
156,0.5030584335327148,0.5015387535095215,313,0.24846361577510834
157,0.5030246376991272,0.5016308426856995,315,0.24837180972099304
158,0.5029869675636292,0.5017261505126953,317,0.24827682971954346
159,0.5029451847076416,0.5018249154090881,319,0.2481784075498581
160,0.502898633480072,0.501927375793457,321,0.24807633459568024
161,0.5028470158576965,0.5020335912704468,323,0.2479705512523651
162,0.5027896165847778,0.502143919467926,325,0.24786067008972168
163,0.5027257800102234,0.5022585988044739,327,0.24774649739265442
164,0.5026549100875854,0.5023779273033142,329,0.24762772023677826
165,0.5025761723518372,0.5025020837783813,331,0.24750417470932007
166,0.5024884939193726,0.5026316046714783,333,0.24737532436847687
167,0.5023910403251648,0.5027667880058289,335,0.24724087119102478
168,0.5022826194763184,0.5029080510139465,337,0.24710041284561157
169,0.502161979675293,0.5030558705329895,339,0.24695347249507904
170,0.5020275712013245,0.5032108426094055,341,0.24679946899414062
171,0.5018778443336487,0.5033736824989319,343,0.24663770198822021
172,0.5017110705375671,0.5035450458526611,345,0.24646751582622528
173,0.5015251636505127,0.5037259459495544,347,0.24628794193267822
174,0.5013178586959839,0.5039174556732178,349,0.2460978925228119
175,0.5010867714881897,0.5041208267211914,351,0.24589616060256958
176,0.5008291006088257,0.504337728023529,353,0.24568109214305878
177,0.5005418658256531,0.5045701265335083,355,0.24545076489448547
178,0.5002219676971436,0.5048204660415649,357,0.24520276486873627
179,0.49986594915390015,0.5050917863845825,359,0.24493414163589478
180,0.4994700849056244,0.5053878426551819,361,0.24464118480682373
181,0.4990307092666626,0.5057134032249451,363,0.24431924521923065
182,0.4985440969467163,0.5060743093490601,365,0.2439625859260559
183,0.4980067014694214,0.5064781308174133,367,0.24356383085250854
184,0.4974149167537689,0.5069340467453003,369,0.24311403930187225
185,0.4967660903930664,0.5074533224105835,371,0.24260222911834717
186,0.4960578680038452,0.508049726486206,373,0.242015078663826
187,0.49528902769088745,0.5087400078773499,375,0.2413363754749298
188,0.4944593012332916,0.509543776512146,377,0.240547314286232
189,0.4935697615146637,0.5104838609695435,379,0.23962604999542236
190,0.4926225244998932,0.5115860104560852,381,0.23854821920394897
191,0.49162083864212036,0.5128782391548157,383,0.23728761076927185
192,0.4905683994293213,0.5143904685974121,385,0.2358166128396988
193,0.48946863412857056,0.5161529183387756,387,0.23410800099372864
194,0.48832425475120544,0.5181949138641357,389,0.23213614523410797
195,0.48713594675064087,0.5205430388450623,391,0.2298789769411087
196,0.485901802778244,0.5232201814651489,393,0.22731900215148926
197,0.48461687564849854,0.5262438058853149,395,0.2244449257850647
198,0.483273446559906,0.529626190662384,397,0.22125151753425598
199,0.4818617105484009,0.5333739519119263,399,0.21773986518383026
200,0.48037102818489075,0.537489652633667,401,0.21391582489013672
201,0.4787918031215668,0.5419713258743286,403,0.20979025959968567
202,0.47711604833602905,0.5468143224716187,405,0.2053772509098053
203,0.47533828020095825,0.5520105361938477,407,0.20069456100463867
204,0.4734554886817932,0.557548463344574,409,0.19576336443424225
205,0.4714655578136444,0.5634114146232605,411,0.19060958921909332
206,0.46936559677124023,0.5695764422416687,413,0.1852644383907318
207,0.4671509861946106,0.5760149955749512,415,0.1797632873058319
208,0.46481409668922424,0.5826917290687561,417,0.17414619028568268
209,0.46234506368637085,0.5895675420761108,419,0.16845479607582092
210,0.4597324728965759,0.5966018438339233,421,0.16273006796836853
211,0.45696499943733215,0.6037553548812866,423,0.15700982511043549
212,0.454032301902771,0.610991895198822,425,0.15132731199264526
213,0.45092523097991943,0.6182792782783508,427,0.14571070671081543
214,0.44763484597206116,0.6255890130996704,429,0.14018358290195465
215,0.4441504180431366,0.6328959465026855,431,0.1347653865814209
216,0.4404582977294922,0.6401771903038025,433,0.12947244942188263
217,0.43654000759124756,0.647412121295929,435,0.1243182122707367
218,0.4323714077472687,0.6545844078063965,437,0.11931192874908447
219,0.4279228448867798,0.6616844534873962,439,0.11445740610361099
220,0.42315909266471863,0.6687115430831909,441,0.10975204408168793
221,0.4180386960506439,0.675678551197052,443,0.1051843985915184
222,0.41251370310783386,0.6826139688491821,445,0.10073389112949371
223,0.40652701258659363,0.689566433429718,447,0.09636899828910828
224,0.40001022815704346,0.6966087222099304,449,0.09204626828432083
225,0.39287886023521423,0.7038410902023315,451,0.08771009743213654
226,0.3850244879722595,0.7113916277885437,453,0.08329479396343231
227,0.3763003349304199,0.7194097638130188,455,0.07873088121414185
228,0.3664972484111786,0.7280512452125549,457,0.07395612448453903
229,0.355311781167984,0.7374661564826965,459,0.06892401725053787
230,0.34231698513031006,0.7478123307228088,461,0.0635986179113388
231,0.3269394040107727,0.7593006491661072,463,0.0579361766576767
232,0.30842912197113037,0.7722369432449341,465,0.0518760085105896
233,0.28578731417655945,0.7870148420333862,467,0.0453626774251461
234,0.25767144560813904,0.8041051030158997,469,0.03837481141090393
235,0.2224302440881729,0.8241307139396667,471,0.03093000501394272
236,0.17854531109333038,0.8477615118026733,473,0.023176556453108788
237,0.1259746104478836,0.875012218952179,475,0.015621945261955261
238,0.06907138973474503,0.9041383266448975,477,0.009189460426568985
239,0.019207026809453964,0.9309474229812622,479,0.004768258426338434
240,-0.008976978249847889,0.9506379961967468,481,0.00243660737760365
241,-0.008541393093764782,0.9620174765586853,483,0.0014426721027120948
242,0.008324534632265568,0.9676924347877502,485,0.001043778727762401
243,0.012913987040519714,0.9705115556716919,487,0.0008695683209225535
244,-0.002750116167590022,0.9722738862037659,489,0.0007687374018132687
245,-0.01090811938047409,0.9737849235534668,491,0.0006872302619740367
246,0.0012783627025783062,0.9749925136566162,493,0.0006253743777051568
247,0.009808501228690147,0.9757574796676636,495,0.0005876998184248805
248,-0.0012832351494580507,0.9762784838676453,497,0.0005627103382721543
249,-0.007580728270113468,0.9767921566963196,499,0.0005386039847508073
250,0.00230957567691803,0.9772461652755737,501,0.0005177370039746165
251,0.006245313677936792,0.9775400757789612,503,0.0005044481949880719
252,-0.003032959997653961,0.9777660965919495,505,0.0004943464882671833
253,-0.004036085680127144,0.9780172109603882,507,0.0004832430277019739
254,0.0038872314617037773,0.9782271385192871,509,0.0004740575095638633
255,0.0024280149955302477,0.9783611297607422,511,0.00046824070159345865
256,-0.003636799519881606,0.9784931540489197,513,0.00046254441258497536
257,-0.000488694291561842,0.978640615940094,515,0.00045622329344041646
258,0.0034630356822162867,0.9787482023239136,517,0.0004516389162745327
259,-0.0006156298913992941,0.9788282513618469,519,0.0004482429358176887
260,-0.002277692314237356,0.9789261221885681,521,0.0004441083292476833
261,0.0016784067265689373,0.9790193438529968,523,0.00044018792686983943
262,0.0014626204501837492,0.9790843725204468,525,0.0004374634590931237
263,-0.0016863348428159952,0.9791513085365295,527,0.00043466794886626303
264,-0.00019097061885986477,0.979229211807251,529,0.0004314256366342306
265,0.0017468228470534086,0.9792920351028442,531,0.0004288197960704565
266,-0.0003467169590294361,0.9793452024459839,533,0.0004266206524334848
267,-0.0009758648229762912,0.9794086813926697,535,0.0004240024136379361
268,0.0010147084249183536,0.9794700741767883,537,0.00042147786007262766
269,0.0005946923047304153,0.9795199036598206,539,0.0004194343346171081
270,-0.0008287896635010839,0.9795731902122498,541,0.0004172545450273901
271,0.0001990380696952343,0.9796311855316162,543,0.00041488860733807087
272,0.0008552539511583745,0.9796813726425171,545,0.0004128466243855655
273,-0.00031694641802459955,0.9797294735908508,547,0.00041089425212703645
274,-0.0002547207986935973,0.9797829985618591,549,0.0004087271518073976
275,0.0006670201546512544,0.979833722114563,551,0.00040667876601219177
276,0.00012919468281324953,0.9798800945281982,553,0.00040481059113517404
277,-0.00033568937215022743,0.9799296259880066,555,0.0004028199182357639
278,0.0003517387085594237,0.9799798130989075,557,0.00040080788312479854
279,0.00035242686863057315,0.9800260066986084,559,0.00039896040107123554
280,-0.0002100659185089171,0.9800729155540466,561,0.00039708870463073254
281,0.00010480915807420388,0.9801217317581177,563,0.00039514555828645825
282,0.00038227945333346725,0.9801679849624634,565,0.0003933088155463338
283,-3.7418267311295494e-05,0.9802134037017822,567,0.00039150938391685486
284,-1.826258267101366e-05,0.9802605509757996,569,0.00038964583654887974
285,0.000311053212499246,0.9803067445755005,571,0.00038782431511208415
286,9.523787593934685e-05,0.9803513288497925,573,0.0003860702854581177
287,-4.317947241361253e-05,0.9803970456123352,575,0.0003842758305836469
288,0.00021718651987612247,0.9804427027702332,577,0.0003824878658633679
289,0.000165330056915991,0.9804868102073669,579,0.0003807645698543638
290,-1.5343162885983475e-05,0.9805313348770142,581,0.00037902893382124603
291,0.00014112022472545505,0.98057621717453,583,0.00037728334427811205
292,0.00018555457063484937,0.9806199669837952,585,0.0003755856887437403
293,2.705342740227934e-05,0.9806635975837708,587,0.0003738964442163706
294,9.50503526837565e-05,0.9807076454162598,589,0.00037219494697637856
295,0.00017706185462884605,0.9807509183883667,591,0.00037052715197205544
296,6.414603558368981e-05,0.980793833732605,593,0.00036887681926600635
297,7.383334741462022e-05,0.9808370471000671,595,0.00036721877404488623
298,0.0001577018847456202,0.9808797836303711,597,0.0003655826731119305
299,8.922768756747246e-05,0.9809221029281616,599,0.00036396615905687213
